dataset,dataset_name,openml_id,model,cp_method,alpha,target_coverage,empirical_coverage,avg_set_size,set_size_variance,class_cond_coverage_gap,point_accuracy,brier_score,ece,per_class_efficiency
blood,Blood Transfusion,1464,LogReg,Standard,0.2,0.8,0.8,1.02,0.019599999999999992,0.8571428571428572,0.7866666666666666,0.30338241072147665,0.06404733422359768,"{0: 1.017391304347826, 1: 1.0285714285714285}"
blood,Blood Transfusion,1464,LogReg,Standard,0.15,0.85,0.82,1.0866666666666667,0.07915555555555558,0.7714285714285715,0.7866666666666666,0.30338241072147665,0.06404733422359768,"{0: 1.0695652173913044, 1: 1.1428571428571428}"
blood,Blood Transfusion,1464,LogReg,Standard,0.1,0.9,0.8733333333333333,1.2266666666666666,0.17528888888888886,0.5428571428571429,0.7866666666666666,0.30338241072147665,0.06404733422359768,"{0: 1.182608695652174, 1: 1.3714285714285714}"
blood,Blood Transfusion,1464,LogReg,Standard,0.05,0.95,0.94,1.38,0.23560000000000003,0.2571428571428571,0.7866666666666666,0.30338241072147665,0.06404733422359768,"{0: 1.2956521739130435, 1: 1.6571428571428573}"
blood,Blood Transfusion,1464,LogReg,Standard,0.01,0.99,0.98,1.8333333333333333,0.1388888888888889,0.08571428571428574,0.7866666666666666,0.30338241072147665,0.06404733422359768,"{0: 1.817391304347826, 1: 1.8857142857142857}"
blood,Blood Transfusion,1464,LogReg,ClassConditional,0.2,0.8,0.78,1.1066666666666667,0.09528888888888888,0.04844720496894406,0.7866666666666666,0.30338241072147665,0.06404733422359768,"{0: 1.0869565217391304, 1: 1.1714285714285715}"
blood,Blood Transfusion,1464,LogReg,ClassConditional,0.15,0.85,0.8866666666666667,1.5,0.25,0.001242236024844745,0.7866666666666666,0.30338241072147665,0.06404733422359768,"{0: 1.5043478260869565, 1: 1.4857142857142858}"
blood,Blood Transfusion,1464,LogReg,ClassConditional,0.1,0.9,0.9266666666666666,1.6533333333333333,0.22648888888888882,0.016149068322981353,0.7866666666666666,0.30338241072147665,0.06404733422359768,"{0: 1.6434782608695653, 1: 1.6857142857142857}"
blood,Blood Transfusion,1464,LogReg,ClassConditional,0.05,0.95,0.98,1.8133333333333332,0.15182222222222225,0.08571428571428574,0.7866666666666666,0.30338241072147665,0.06404733422359768,"{0: 1.817391304347826, 1: 1.8}"
blood,Blood Transfusion,1464,LogReg,ClassConditional,0.01,0.99,0.98,1.82,0.14759999999999995,0.08571428571428574,0.7866666666666666,0.30338241072147665,0.06404733422359768,"{0: 1.817391304347826, 1: 1.8285714285714285}"
blood,Blood Transfusion,1464,LogReg,Mondrian,0.2,0.8,0.78,1.1066666666666667,0.09528888888888888,0.04844720496894406,0.7866666666666666,0.30338241072147665,0.06404733422359768,"{0: 1.0869565217391304, 1: 1.1714285714285715}"
blood,Blood Transfusion,1464,LogReg,Mondrian,0.15,0.85,0.8866666666666667,1.5,0.25,0.001242236024844745,0.7866666666666666,0.30338241072147665,0.06404733422359768,"{0: 1.5043478260869565, 1: 1.4857142857142858}"
blood,Blood Transfusion,1464,LogReg,Mondrian,0.1,0.9,0.9266666666666666,1.6533333333333333,0.22648888888888882,0.016149068322981353,0.7866666666666666,0.30338241072147665,0.06404733422359768,"{0: 1.6434782608695653, 1: 1.6857142857142857}"
blood,Blood Transfusion,1464,LogReg,Mondrian,0.05,0.95,0.98,1.8133333333333332,0.15182222222222225,0.08571428571428574,0.7866666666666666,0.30338241072147665,0.06404733422359768,"{0: 1.817391304347826, 1: 1.8}"
blood,Blood Transfusion,1464,LogReg,Mondrian,0.01,0.99,0.98,1.82,0.14759999999999995,0.08571428571428574,0.7866666666666666,0.30338241072147665,0.06404733422359768,"{0: 1.817391304347826, 1: 1.8285714285714285}"
blood,Blood Transfusion,1464,LogReg,APS,0.2,0.8,1.0,2.0,0.0,0.0,0.7866666666666666,0.30338241072147665,0.06404733422359768,"{0: 2.0, 1: 2.0}"
blood,Blood Transfusion,1464,LogReg,APS,0.15,0.85,1.0,2.0,0.0,0.0,0.7866666666666666,0.30338241072147665,0.06404733422359768,"{0: 2.0, 1: 2.0}"
blood,Blood Transfusion,1464,LogReg,APS,0.1,0.9,1.0,2.0,0.0,0.0,0.7866666666666666,0.30338241072147665,0.06404733422359768,"{0: 2.0, 1: 2.0}"
blood,Blood Transfusion,1464,LogReg,APS,0.05,0.95,1.0,2.0,0.0,0.0,0.7866666666666666,0.30338241072147665,0.06404733422359768,"{0: 2.0, 1: 2.0}"
blood,Blood Transfusion,1464,LogReg,APS,0.01,0.99,1.0,2.0,0.0,0.0,0.7866666666666666,0.30338241072147665,0.06404733422359768,"{0: 2.0, 1: 2.0}"
blood,Blood Transfusion,1464,RandomForest,Standard,0.2,0.8,0.7933333333333333,1.1266666666666667,0.11062222222222222,0.5503105590062112,0.74,0.3829444617141183,0.253808534499985,"{0: 1.1130434782608696, 1: 1.1714285714285715}"
blood,Blood Transfusion,1464,RandomForest,Standard,0.15,0.85,0.84,1.2533333333333334,0.18915555555555552,0.4993788819875777,0.74,0.3829444617141183,0.253808534499985,"{0: 1.2347826086956522, 1: 1.3142857142857143}"
blood,Blood Transfusion,1464,RandomForest,Standard,0.1,0.9,0.8666666666666667,1.3466666666666667,0.22648888888888882,0.3850931677018634,0.74,0.3829444617141183,0.253808534499985,"{0: 1.3130434782608695, 1: 1.457142857142857}"
blood,Blood Transfusion,1464,RandomForest,Standard,0.05,0.95,0.96,1.6533333333333333,0.22648888888888885,0.17142857142857137,0.74,0.3829444617141183,0.253808534499985,"{0: 1.608695652173913, 1: 1.8}"
blood,Blood Transfusion,1464,RandomForest,Standard,0.01,0.99,1.0,2.0,0.0,0.0,0.74,0.3829444617141183,0.253808534499985,"{0: 2.0, 1: 2.0}"
blood,Blood Transfusion,1464,RandomForest,ClassConditional,0.2,0.8,0.8333333333333334,1.4466666666666668,0.2471555555555555,0.006211180124223503,0.74,0.3829444617141183,0.253808534499985,"{0: 1.4434782608695653, 1: 1.457142857142857}"
blood,Blood Transfusion,1464,RandomForest,ClassConditional,0.15,0.85,0.8866666666666667,1.54,0.24840000000000004,0.0757763975155279,0.74,0.3829444617141183,0.253808534499985,"{0: 1.5130434782608695, 1: 1.6285714285714286}"
blood,Blood Transfusion,1464,RandomForest,ClassConditional,0.1,0.9,0.94,1.7133333333333334,0.20448888888888891,0.07080745341614914,0.74,0.3829444617141183,0.253808534499985,"{0: 1.7043478260869565, 1: 1.7428571428571429}"
blood,Blood Transfusion,1464,RandomForest,ClassConditional,0.05,0.95,0.9666666666666667,1.94,0.056400000000000006,0.04347826086956519,0.74,0.3829444617141183,0.253808534499985,"{0: 1.9565217391304348, 1: 1.8857142857142857}"
blood,Blood Transfusion,1464,RandomForest,ClassConditional,0.01,0.99,0.9933333333333333,1.9733333333333334,0.025955555555555555,0.008695652173912993,0.74,0.3829444617141183,0.253808534499985,"{0: 1.991304347826087, 1: 1.9142857142857144}"
blood,Blood Transfusion,1464,RandomForest,Mondrian,0.2,0.8,0.8333333333333334,1.4466666666666668,0.2471555555555555,0.006211180124223503,0.74,0.3829444617141183,0.253808534499985,"{0: 1.4434782608695653, 1: 1.457142857142857}"
blood,Blood Transfusion,1464,RandomForest,Mondrian,0.15,0.85,0.8866666666666667,1.54,0.24840000000000004,0.0757763975155279,0.74,0.3829444617141183,0.253808534499985,"{0: 1.5130434782608695, 1: 1.6285714285714286}"
blood,Blood Transfusion,1464,RandomForest,Mondrian,0.1,0.9,0.94,1.7133333333333334,0.20448888888888891,0.07080745341614914,0.74,0.3829444617141183,0.253808534499985,"{0: 1.7043478260869565, 1: 1.7428571428571429}"
blood,Blood Transfusion,1464,RandomForest,Mondrian,0.05,0.95,0.9666666666666667,1.94,0.056400000000000006,0.04347826086956519,0.74,0.3829444617141183,0.253808534499985,"{0: 1.9565217391304348, 1: 1.8857142857142857}"
blood,Blood Transfusion,1464,RandomForest,Mondrian,0.01,0.99,0.9933333333333333,1.9733333333333334,0.025955555555555555,0.008695652173912993,0.74,0.3829444617141183,0.253808534499985,"{0: 1.991304347826087, 1: 1.9142857142857144}"
blood,Blood Transfusion,1464,RandomForest,APS,0.2,0.8,0.98,1.8266666666666667,0.14328888888888888,0.08571428571428574,0.74,0.3829444617141183,0.253808534499985,"{0: 1.8, 1: 1.9142857142857144}"
blood,Blood Transfusion,1464,RandomForest,APS,0.15,0.85,0.98,1.8266666666666667,0.14328888888888888,0.08571428571428574,0.74,0.3829444617141183,0.253808534499985,"{0: 1.8, 1: 1.9142857142857144}"
blood,Blood Transfusion,1464,RandomForest,APS,0.1,0.9,0.98,1.8266666666666667,0.14328888888888888,0.08571428571428574,0.74,0.3829444617141183,0.253808534499985,"{0: 1.8, 1: 1.9142857142857144}"
blood,Blood Transfusion,1464,RandomForest,APS,0.05,0.95,0.98,1.8266666666666667,0.14328888888888888,0.08571428571428574,0.74,0.3829444617141183,0.253808534499985,"{0: 1.8, 1: 1.9142857142857144}"
blood,Blood Transfusion,1464,RandomForest,APS,0.01,0.99,0.98,1.8266666666666667,0.14328888888888888,0.08571428571428574,0.74,0.3829444617141183,0.253808534499985,"{0: 1.8, 1: 1.9142857142857144}"
blood,Blood Transfusion,1464,XGBoost,Standard,0.2,0.8,0.7933333333333333,1.08,0.0736,0.5130434782608695,0.7666666666666667,0.36410826444625854,0.2739249964306752,"{0: 1.0695652173913044, 1: 1.1142857142857143}"
blood,Blood Transfusion,1464,XGBoost,Standard,0.15,0.85,0.8333333333333334,1.18,0.14759999999999998,0.5279503105590062,0.7666666666666667,0.36410826444625854,0.2739249964306752,"{0: 1.1565217391304348, 1: 1.2571428571428571}"
blood,Blood Transfusion,1464,XGBoost,Standard,0.1,0.9,0.9,1.3733333333333333,0.23395555555555556,0.35403726708074534,0.7666666666666667,0.36410826444625854,0.2739249964306752,"{0: 1.3130434782608695, 1: 1.5714285714285714}"
blood,Blood Transfusion,1464,XGBoost,Standard,0.05,0.95,0.94,1.6266666666666667,0.23395555555555556,0.21987577639751554,0.7666666666666667,0.36410826444625854,0.2739249964306752,"{0: 1.5826086956521739, 1: 1.7714285714285714}"
blood,Blood Transfusion,1464,XGBoost,Standard,0.01,0.99,0.98,1.8866666666666667,0.10048888888888892,0.08571428571428574,0.7666666666666667,0.36410826444625854,0.2739249964306752,"{0: 1.8782608695652174, 1: 1.9142857142857144}"
blood,Blood Transfusion,1464,XGBoost,ClassConditional,0.2,0.8,0.8333333333333334,1.4266666666666667,0.24462222222222219,0.08074534161490676,0.7666666666666667,0.36410826444625854,0.2739249964306752,"{0: 1.4434782608695653, 1: 1.3714285714285714}"
blood,Blood Transfusion,1464,XGBoost,ClassConditional,0.15,0.85,0.86,1.4733333333333334,0.24928888888888892,0.11552795031055896,0.7666666666666667,0.36410826444625854,0.2739249964306752,"{0: 1.4956521739130435, 1: 1.4}"
blood,Blood Transfusion,1464,XGBoost,ClassConditional,0.1,0.9,0.92,1.6066666666666667,0.2386222222222222,0.11925465838509308,0.7666666666666667,0.36410826444625854,0.2739249964306752,"{0: 1.617391304347826, 1: 1.5714285714285714}"
blood,Blood Transfusion,1464,XGBoost,ClassConditional,0.05,0.95,0.9666666666666667,1.8533333333333333,0.12515555555555558,0.06832298136645965,0.7666666666666667,0.36410826444625854,0.2739249964306752,"{0: 1.8608695652173912, 1: 1.8285714285714285}"
blood,Blood Transfusion,1464,XGBoost,ClassConditional,0.01,0.99,0.9666666666666667,1.8666666666666667,0.11555555555555552,0.06832298136645965,0.7666666666666667,0.36410826444625854,0.2739249964306752,"{0: 1.8608695652173912, 1: 1.8857142857142857}"
blood,Blood Transfusion,1464,XGBoost,Mondrian,0.2,0.8,0.8333333333333334,1.4266666666666667,0.24462222222222219,0.08074534161490676,0.7666666666666667,0.36410826444625854,0.2739249964306752,"{0: 1.4434782608695653, 1: 1.3714285714285714}"
blood,Blood Transfusion,1464,XGBoost,Mondrian,0.15,0.85,0.86,1.4733333333333334,0.24928888888888892,0.11552795031055896,0.7666666666666667,0.36410826444625854,0.2739249964306752,"{0: 1.4956521739130435, 1: 1.4}"
blood,Blood Transfusion,1464,XGBoost,Mondrian,0.1,0.9,0.92,1.6066666666666667,0.2386222222222222,0.11925465838509308,0.7666666666666667,0.36410826444625854,0.2739249964306752,"{0: 1.617391304347826, 1: 1.5714285714285714}"
blood,Blood Transfusion,1464,XGBoost,Mondrian,0.05,0.95,0.9666666666666667,1.8533333333333333,0.12515555555555558,0.06832298136645965,0.7666666666666667,0.36410826444625854,0.2739249964306752,"{0: 1.8608695652173912, 1: 1.8285714285714285}"
blood,Blood Transfusion,1464,XGBoost,Mondrian,0.01,0.99,0.9666666666666667,1.8666666666666667,0.11555555555555552,0.06832298136645965,0.7666666666666667,0.36410826444625854,0.2739249964306752,"{0: 1.8608695652173912, 1: 1.8857142857142857}"
blood,Blood Transfusion,1464,XGBoost,APS,0.2,0.8,1.0,2.0,0.0,0.0,0.7666666666666667,0.36410826444625854,0.2739249964306752,"{0: 2.0, 1: 2.0}"
blood,Blood Transfusion,1464,XGBoost,APS,0.15,0.85,1.0,2.0,0.0,0.0,0.7666666666666667,0.36410826444625854,0.2739249964306752,"{0: 2.0, 1: 2.0}"
blood,Blood Transfusion,1464,XGBoost,APS,0.1,0.9,1.0,2.0,0.0,0.0,0.7666666666666667,0.36410826444625854,0.2739249964306752,"{0: 2.0, 1: 2.0}"
blood,Blood Transfusion,1464,XGBoost,APS,0.05,0.95,1.0,2.0,0.0,0.0,0.7666666666666667,0.36410826444625854,0.2739249964306752,"{0: 2.0, 1: 2.0}"
blood,Blood Transfusion,1464,XGBoost,APS,0.01,0.99,1.0,2.0,0.0,0.0,0.7666666666666667,0.36410826444625854,0.2739249964306752,"{0: 2.0, 1: 2.0}"
blood,Blood Transfusion,1464,LightGBM,Standard,0.2,0.8,0.7866666666666666,1.08,0.0736,0.5788819875776398,0.76,0.34663457735068287,0.21256910543873087,"{0: 1.0695652173913044, 1: 1.1142857142857143}"
blood,Blood Transfusion,1464,LightGBM,Standard,0.15,0.85,0.8333333333333334,1.16,0.13440000000000002,0.5652173913043478,0.76,0.34663457735068287,0.21256910543873087,"{0: 1.1391304347826088, 1: 1.2285714285714286}"
blood,Blood Transfusion,1464,LightGBM,Standard,0.1,0.9,0.88,1.28,0.20159999999999997,0.4397515527950311,0.76,0.34663457735068287,0.21256910543873087,"{0: 1.2434782608695651, 1: 1.4}"
blood,Blood Transfusion,1464,LightGBM,Standard,0.05,0.95,0.9466666666666667,1.5733333333333333,0.24462222222222219,0.22857142857142854,0.76,0.34663457735068287,0.21256910543873087,"{0: 1.5130434782608695, 1: 1.7714285714285714}"
blood,Blood Transfusion,1464,LightGBM,Standard,0.01,0.99,1.0,1.98,0.019599999999999996,0.0,0.76,0.34663457735068287,0.21256910543873087,"{0: 1.9739130434782608, 1: 2.0}"
blood,Blood Transfusion,1464,LightGBM,ClassConditional,0.2,0.8,0.8733333333333333,1.42,0.24360000000000004,0.13291925465838506,0.76,0.34663457735068287,0.21256910543873087,"{0: 1.4173913043478261, 1: 1.4285714285714286}"
blood,Blood Transfusion,1464,LightGBM,ClassConditional,0.15,0.85,0.8933333333333333,1.5533333333333332,0.2471555555555555,0.12173913043478257,0.76,0.34663457735068287,0.21256910543873087,"{0: 1.5478260869565217, 1: 1.5714285714285714}"
blood,Blood Transfusion,1464,LightGBM,ClassConditional,0.1,0.9,0.92,1.6066666666666667,0.23862222222222224,0.08198757763975162,0.76,0.34663457735068287,0.21256910543873087,"{0: 1.6, 1: 1.6285714285714286}"
blood,Blood Transfusion,1464,LightGBM,ClassConditional,0.05,0.95,0.9866666666666667,1.9333333333333333,0.06222222222222223,0.017391304347826098,0.76,0.34663457735068287,0.21256910543873087,"{0: 1.9565217391304348, 1: 1.8571428571428572}"
blood,Blood Transfusion,1464,LightGBM,ClassConditional,0.01,0.99,0.9933333333333333,1.9533333333333334,0.04448888888888888,0.008695652173912993,0.76,0.34663457735068287,0.21256910543873087,"{0: 1.9652173913043478, 1: 1.9142857142857144}"
blood,Blood Transfusion,1464,LightGBM,Mondrian,0.2,0.8,0.8733333333333333,1.42,0.24360000000000004,0.13291925465838506,0.76,0.34663457735068287,0.21256910543873087,"{0: 1.4173913043478261, 1: 1.4285714285714286}"
blood,Blood Transfusion,1464,LightGBM,Mondrian,0.15,0.85,0.8933333333333333,1.5533333333333332,0.2471555555555555,0.12173913043478257,0.76,0.34663457735068287,0.21256910543873087,"{0: 1.5478260869565217, 1: 1.5714285714285714}"
blood,Blood Transfusion,1464,LightGBM,Mondrian,0.1,0.9,0.92,1.6066666666666667,0.23862222222222224,0.08198757763975162,0.76,0.34663457735068287,0.21256910543873087,"{0: 1.6, 1: 1.6285714285714286}"
blood,Blood Transfusion,1464,LightGBM,Mondrian,0.05,0.95,0.9866666666666667,1.9333333333333333,0.06222222222222223,0.017391304347826098,0.76,0.34663457735068287,0.21256910543873087,"{0: 1.9565217391304348, 1: 1.8571428571428572}"
blood,Blood Transfusion,1464,LightGBM,Mondrian,0.01,0.99,0.9933333333333333,1.9533333333333334,0.04448888888888888,0.008695652173912993,0.76,0.34663457735068287,0.21256910543873087,"{0: 1.9652173913043478, 1: 1.9142857142857144}"
blood,Blood Transfusion,1464,LightGBM,APS,0.2,0.8,1.0,2.0,0.0,0.0,0.76,0.34663457735068287,0.21256910543873087,"{0: 2.0, 1: 2.0}"
blood,Blood Transfusion,1464,LightGBM,APS,0.15,0.85,1.0,2.0,0.0,0.0,0.76,0.34663457735068287,0.21256910543873087,"{0: 2.0, 1: 2.0}"
blood,Blood Transfusion,1464,LightGBM,APS,0.1,0.9,1.0,2.0,0.0,0.0,0.76,0.34663457735068287,0.21256910543873087,"{0: 2.0, 1: 2.0}"
blood,Blood Transfusion,1464,LightGBM,APS,0.05,0.95,1.0,2.0,0.0,0.0,0.76,0.34663457735068287,0.21256910543873087,"{0: 2.0, 1: 2.0}"
blood,Blood Transfusion,1464,LightGBM,APS,0.01,0.99,1.0,2.0,0.0,0.0,0.76,0.34663457735068287,0.21256910543873087,"{0: 2.0, 1: 2.0}"
blood,Blood Transfusion,1464,SVM_RBF,Standard,0.2,0.8,0.7933333333333333,1.04,0.0384,0.8484472049689442,0.7666666666666667,0.3306770854077105,0.19706760652319247,"{0: 1.017391304347826, 1: 1.1142857142857143}"
blood,Blood Transfusion,1464,SVM_RBF,Standard,0.15,0.85,0.8466666666666667,1.1333333333333333,0.11555555555555552,0.6571428571428571,0.7666666666666667,0.3306770854077105,0.19706760652319247,"{0: 1.0782608695652174, 1: 1.3142857142857143}"
blood,Blood Transfusion,1464,SVM_RBF,Standard,0.1,0.9,0.9,1.2733333333333334,0.1986222222222222,0.4285714285714286,0.7666666666666667,0.3306770854077105,0.19706760652319247,"{0: 1.191304347826087, 1: 1.542857142857143}"
blood,Blood Transfusion,1464,SVM_RBF,Standard,0.05,0.95,0.9533333333333334,1.64,0.23040000000000002,0.19999999999999996,0.7666666666666667,0.3306770854077105,0.19706760652319247,"{0: 1.6, 1: 1.7714285714285714}"
blood,Blood Transfusion,1464,SVM_RBF,Standard,0.01,0.99,1.0,1.9933333333333334,0.0066222222222222194,0.0,0.7666666666666667,0.3306770854077105,0.19706760652319247,"{0: 2.0, 1: 1.9714285714285715}"
blood,Blood Transfusion,1464,SVM_RBF,ClassConditional,0.2,0.8,0.82,1.3066666666666666,0.21262222222222224,0.10062111801242235,0.7666666666666667,0.3306770854077105,0.19706760652319247,"{0: 1.3304347826086957, 1: 1.2285714285714286}"
blood,Blood Transfusion,1464,SVM_RBF,ClassConditional,0.15,0.85,0.8733333333333333,1.4733333333333334,0.24928888888888887,0.09565217391304348,0.7666666666666667,0.3306770854077105,0.19706760652319247,"{0: 1.4956521739130435, 1: 1.4}"
blood,Blood Transfusion,1464,SVM_RBF,ClassConditional,0.1,0.9,0.9666666666666667,1.8,0.16000000000000003,0.03105590062111807,0.7666666666666667,0.3306770854077105,0.19706760652319247,"{0: 1.8, 1: 1.8}"
blood,Blood Transfusion,1464,SVM_RBF,ClassConditional,0.05,0.95,1.0,1.9933333333333334,0.0066222222222222194,0.0,0.7666666666666667,0.3306770854077105,0.19706760652319247,"{0: 2.0, 1: 1.9714285714285715}"
blood,Blood Transfusion,1464,SVM_RBF,ClassConditional,0.01,0.99,1.0,1.9933333333333334,0.0066222222222222194,0.0,0.7666666666666667,0.3306770854077105,0.19706760652319247,"{0: 2.0, 1: 1.9714285714285715}"
blood,Blood Transfusion,1464,SVM_RBF,Mondrian,0.2,0.8,0.82,1.3066666666666666,0.21262222222222224,0.10062111801242235,0.7666666666666667,0.3306770854077105,0.19706760652319247,"{0: 1.3304347826086957, 1: 1.2285714285714286}"
blood,Blood Transfusion,1464,SVM_RBF,Mondrian,0.15,0.85,0.8733333333333333,1.4733333333333334,0.24928888888888887,0.09565217391304348,0.7666666666666667,0.3306770854077105,0.19706760652319247,"{0: 1.4956521739130435, 1: 1.4}"
blood,Blood Transfusion,1464,SVM_RBF,Mondrian,0.1,0.9,0.9666666666666667,1.8,0.16000000000000003,0.03105590062111807,0.7666666666666667,0.3306770854077105,0.19706760652319247,"{0: 1.8, 1: 1.8}"
blood,Blood Transfusion,1464,SVM_RBF,Mondrian,0.05,0.95,1.0,1.9933333333333334,0.0066222222222222194,0.0,0.7666666666666667,0.3306770854077105,0.19706760652319247,"{0: 2.0, 1: 1.9714285714285715}"
blood,Blood Transfusion,1464,SVM_RBF,Mondrian,0.01,0.99,1.0,1.9933333333333334,0.0066222222222222194,0.0,0.7666666666666667,0.3306770854077105,0.19706760652319247,"{0: 2.0, 1: 1.9714285714285715}"
blood,Blood Transfusion,1464,SVM_RBF,APS,0.2,0.8,1.0,2.0,0.0,0.0,0.7666666666666667,0.3306770854077105,0.19706760652319247,"{0: 2.0, 1: 2.0}"
blood,Blood Transfusion,1464,SVM_RBF,APS,0.15,0.85,1.0,2.0,0.0,0.0,0.7666666666666667,0.3306770854077105,0.19706760652319247,"{0: 2.0, 1: 2.0}"
blood,Blood Transfusion,1464,SVM_RBF,APS,0.1,0.9,1.0,2.0,0.0,0.0,0.7666666666666667,0.3306770854077105,0.19706760652319247,"{0: 2.0, 1: 2.0}"
blood,Blood Transfusion,1464,SVM_RBF,APS,0.05,0.95,1.0,2.0,0.0,0.0,0.7666666666666667,0.3306770854077105,0.19706760652319247,"{0: 2.0, 1: 2.0}"
blood,Blood Transfusion,1464,SVM_RBF,APS,0.01,0.99,1.0,2.0,0.0,0.0,0.7666666666666667,0.3306770854077105,0.19706760652319247,"{0: 2.0, 1: 2.0}"
wdbc,WDBC Breast Cancer,1510,LogReg,Standard,0.2,0.8,0.7192982456140351,0.7192982456140351,0.20190827947060638,0.045634920634920695,0.9649122807017544,0.04784193793387448,0.04402766181954142,"{0: 0.7361111111111112, 1: 0.6904761904761905}"
wdbc,WDBC Breast Cancer,1510,LogReg,Standard,0.15,0.85,0.8070175438596491,0.8157894736842105,0.15027700831024932,0.07142857142857151,0.9649122807017544,0.04784193793387448,0.04402766181954142,"{0: 0.8333333333333334, 1: 0.7857142857142857}"
wdbc,WDBC Breast Cancer,1510,LogReg,Standard,0.1,0.9,0.9122807017543859,0.9210526315789473,0.07271468144044323,0.04960317460317465,0.9649122807017544,0.04784193793387448,0.04402766181954142,"{0: 0.9305555555555556, 1: 0.9047619047619048}"
wdbc,WDBC Breast Cancer,1510,LogReg,Standard,0.05,0.95,0.956140350877193,0.9912280701754386,0.008694983071714376,0.0813492063492064,0.9649122807017544,0.04784193793387448,0.04402766181954142,"{0: 0.9861111111111112, 1: 1.0}"
wdbc,WDBC Breast Cancer,1510,LogReg,Standard,0.01,0.99,0.9824561403508771,1.0350877192982457,0.033856571252693125,0.04761904761904767,0.9649122807017544,0.04784193793387448,0.04402766181954142,"{0: 1.0138888888888888, 1: 1.0714285714285714}"
wdbc,WDBC Breast Cancer,1510,LogReg,ClassConditional,0.2,0.8,0.7719298245614035,0.7719298245614035,0.17605417051400432,0.17261904761904756,0.9649122807017544,0.04784193793387448,0.04402766181954142,"{0: 0.7083333333333334, 1: 0.8809523809523809}"
wdbc,WDBC Breast Cancer,1510,LogReg,ClassConditional,0.15,0.85,0.7982456140350878,0.7982456140350878,0.16104955370883348,0.13095238095238093,0.9649122807017544,0.04784193793387448,0.04402766181954142,"{0: 0.75, 1: 0.8809523809523809}"
wdbc,WDBC Breast Cancer,1510,LogReg,ClassConditional,0.1,0.9,0.8333333333333334,0.8421052631578947,0.13296398891966757,0.11309523809523814,0.9649122807017544,0.04784193793387448,0.04402766181954142,"{0: 0.8055555555555556, 1: 0.9047619047619048}"
wdbc,WDBC Breast Cancer,1510,LogReg,ClassConditional,0.05,0.95,0.9385964912280702,0.956140350877193,0.04193598030163129,0.021825396825396748,0.9649122807017544,0.04784193793387448,0.04402766181954142,"{0: 0.9444444444444444, 1: 0.9761904761904762}"
wdbc,WDBC Breast Cancer,1510,LogReg,ClassConditional,0.01,0.99,0.9736842105263158,0.9912280701754386,0.00869498307171438,0.03373015873015883,0.9649122807017544,0.04784193793387448,0.04402766181954142,"{0: 1.0, 1: 0.9761904761904762}"
wdbc,WDBC Breast Cancer,1510,LogReg,Mondrian,0.2,0.8,0.7719298245614035,0.7719298245614035,0.17605417051400432,0.17261904761904756,0.9649122807017544,0.04784193793387448,0.04402766181954142,"{0: 0.7083333333333334, 1: 0.8809523809523809}"
wdbc,WDBC Breast Cancer,1510,LogReg,Mondrian,0.15,0.85,0.7982456140350878,0.7982456140350878,0.16104955370883348,0.13095238095238093,0.9649122807017544,0.04784193793387448,0.04402766181954142,"{0: 0.75, 1: 0.8809523809523809}"
wdbc,WDBC Breast Cancer,1510,LogReg,Mondrian,0.1,0.9,0.8333333333333334,0.8421052631578947,0.13296398891966757,0.11309523809523814,0.9649122807017544,0.04784193793387448,0.04402766181954142,"{0: 0.8055555555555556, 1: 0.9047619047619048}"
wdbc,WDBC Breast Cancer,1510,LogReg,Mondrian,0.05,0.95,0.9385964912280702,0.956140350877193,0.04193598030163129,0.021825396825396748,0.9649122807017544,0.04784193793387448,0.04402766181954142,"{0: 0.9444444444444444, 1: 0.9761904761904762}"
wdbc,WDBC Breast Cancer,1510,LogReg,Mondrian,0.01,0.99,0.9736842105263158,0.9912280701754386,0.00869498307171438,0.03373015873015883,0.9649122807017544,0.04784193793387448,0.04402766181954142,"{0: 1.0, 1: 0.9761904761904762}"
wdbc,WDBC Breast Cancer,1510,LogReg,APS,0.2,0.8,1.0,1.912280701754386,0.08002462296091108,0.0,0.9649122807017544,0.04784193793387448,0.04402766181954142,"{0: 1.9861111111111112, 1: 1.7857142857142858}"
wdbc,WDBC Breast Cancer,1510,LogReg,APS,0.15,0.85,1.0,1.9210526315789473,0.07271468144044324,0.0,0.9649122807017544,0.04784193793387448,0.04402766181954142,"{0: 1.9861111111111112, 1: 1.8095238095238095}"
wdbc,WDBC Breast Cancer,1510,LogReg,APS,0.1,0.9,1.0,1.9736842105263157,0.02562326869806094,0.0,0.9649122807017544,0.04784193793387448,0.04402766181954142,"{0: 2.0, 1: 1.9285714285714286}"
wdbc,WDBC Breast Cancer,1510,LogReg,APS,0.05,0.95,1.0,2.0,0.0,0.0,0.9649122807017544,0.04784193793387448,0.04402766181954142,"{0: 2.0, 1: 2.0}"
wdbc,WDBC Breast Cancer,1510,LogReg,APS,0.01,0.99,1.0,2.0,0.0,0.0,0.9649122807017544,0.04784193793387448,0.04402766181954142,"{0: 2.0, 1: 2.0}"
wdbc,WDBC Breast Cancer,1510,RandomForest,Standard,0.2,0.8,0.6842105263157895,0.6842105263157895,0.21606648199445988,0.10317460317460314,0.9824561403508771,0.05865438596491229,0.12333333333333328,"{0: 0.7222222222222222, 1: 0.6190476190476191}"
wdbc,WDBC Breast Cancer,1510,RandomForest,Standard,0.15,0.85,0.7456140350877193,0.7543859649122807,0.18528778085564787,0.20039682539682535,0.9824561403508771,0.05865438596491229,0.12333333333333328,"{0: 0.8194444444444444, 1: 0.6428571428571429}"
wdbc,WDBC Breast Cancer,1510,RandomForest,Standard,0.1,0.9,0.9035087719298246,0.9122807017543859,0.08002462296091106,0.14880952380952384,0.9824561403508771,0.05865438596491229,0.12333333333333328,"{0: 0.9583333333333334, 1: 0.8333333333333334}"
wdbc,WDBC Breast Cancer,1510,RandomForest,Standard,0.05,0.95,0.9824561403508771,1.0,0.0,0.04761904761904767,0.9824561403508771,0.05865438596491229,0.12333333333333328,"{0: 1.0, 1: 1.0}"
wdbc,WDBC Breast Cancer,1510,RandomForest,Standard,0.01,0.99,0.9912280701754386,1.1228070175438596,0.10772545398584181,0.023809523809523836,0.9824561403508771,0.05865438596491229,0.12333333333333328,"{0: 1.0972222222222223, 1: 1.1666666666666667}"
wdbc,WDBC Breast Cancer,1510,RandomForest,ClassConditional,0.2,0.8,0.7368421052631579,0.7368421052631579,0.19390581717451524,0.11507936507936511,0.9824561403508771,0.05865438596491229,0.12333333333333328,"{0: 0.6944444444444444, 1: 0.8095238095238095}"
wdbc,WDBC Breast Cancer,1510,RandomForest,ClassConditional,0.15,0.85,0.8596491228070176,0.868421052631579,0.11426592797783934,0.14682539682539675,0.9824561403508771,0.05865438596491229,0.12333333333333328,"{0: 0.8055555555555556, 1: 0.9761904761904762}"
wdbc,WDBC Breast Cancer,1510,RandomForest,ClassConditional,0.1,0.9,0.9035087719298246,0.9736842105263158,0.02562326869806094,0.115079365079365,0.9824561403508771,0.05865438596491229,0.12333333333333328,"{0: 0.9583333333333334, 1: 1.0}"
wdbc,WDBC Breast Cancer,1510,RandomForest,ClassConditional,0.05,0.95,0.9649122807017544,1.0350877192982457,0.033856571252693125,0.017857142857142794,0.9824561403508771,0.05865438596491229,0.12333333333333328,"{0: 1.0555555555555556, 1: 1.0}"
wdbc,WDBC Breast Cancer,1510,RandomForest,ClassConditional,0.01,0.99,0.9912280701754386,1.0701754385964912,0.0652508464142813,0.023809523809523836,0.9824561403508771,0.05865438596491229,0.12333333333333328,"{0: 1.0972222222222223, 1: 1.0238095238095237}"
wdbc,WDBC Breast Cancer,1510,RandomForest,Mondrian,0.2,0.8,0.7368421052631579,0.7368421052631579,0.19390581717451524,0.11507936507936511,0.9824561403508771,0.05865438596491229,0.12333333333333328,"{0: 0.6944444444444444, 1: 0.8095238095238095}"
wdbc,WDBC Breast Cancer,1510,RandomForest,Mondrian,0.15,0.85,0.8596491228070176,0.868421052631579,0.11426592797783934,0.14682539682539675,0.9824561403508771,0.05865438596491229,0.12333333333333328,"{0: 0.8055555555555556, 1: 0.9761904761904762}"
wdbc,WDBC Breast Cancer,1510,RandomForest,Mondrian,0.1,0.9,0.9035087719298246,0.9736842105263158,0.02562326869806094,0.115079365079365,0.9824561403508771,0.05865438596491229,0.12333333333333328,"{0: 0.9583333333333334, 1: 1.0}"
wdbc,WDBC Breast Cancer,1510,RandomForest,Mondrian,0.05,0.95,0.9649122807017544,1.0350877192982457,0.033856571252693125,0.017857142857142794,0.9824561403508771,0.05865438596491229,0.12333333333333328,"{0: 1.0555555555555556, 1: 1.0}"
wdbc,WDBC Breast Cancer,1510,RandomForest,Mondrian,0.01,0.99,0.9912280701754386,1.0701754385964912,0.0652508464142813,0.023809523809523836,0.9824561403508771,0.05865438596491229,0.12333333333333328,"{0: 1.0972222222222223, 1: 1.0238095238095237}"
wdbc,WDBC Breast Cancer,1510,RandomForest,APS,0.2,0.8,1.0,1.7017543859649122,0.20929516774392118,0.0,0.9824561403508771,0.05865438596491229,0.12333333333333328,"{0: 1.7361111111111112, 1: 1.6428571428571428}"
wdbc,WDBC Breast Cancer,1510,RandomForest,APS,0.15,0.85,1.0,1.7017543859649122,0.20929516774392118,0.0,0.9824561403508771,0.05865438596491229,0.12333333333333328,"{0: 1.7361111111111112, 1: 1.6428571428571428}"
wdbc,WDBC Breast Cancer,1510,RandomForest,APS,0.1,0.9,1.0,1.7017543859649122,0.20929516774392118,0.0,0.9824561403508771,0.05865438596491229,0.12333333333333328,"{0: 1.7361111111111112, 1: 1.6428571428571428}"
wdbc,WDBC Breast Cancer,1510,RandomForest,APS,0.05,0.95,1.0,1.7017543859649122,0.20929516774392118,0.0,0.9824561403508771,0.05865438596491229,0.12333333333333328,"{0: 1.7361111111111112, 1: 1.6428571428571428}"
wdbc,WDBC Breast Cancer,1510,RandomForest,APS,0.01,0.99,1.0,1.7017543859649122,0.20929516774392118,0.0,0.9824561403508771,0.05865438596491229,0.12333333333333328,"{0: 1.7361111111111112, 1: 1.6428571428571428}"
wdbc,WDBC Breast Cancer,1510,XGBoost,Standard,0.2,0.8,0.7105263157894737,0.7192982456140351,0.20190827947060638,0.06944444444444453,0.9736842105263158,0.03628559410572052,0.060797730370898494,"{0: 0.7361111111111112, 1: 0.6904761904761905}"
wdbc,WDBC Breast Cancer,1510,XGBoost,Standard,0.15,0.85,0.8245614035087719,0.8333333333333334,0.13888888888888892,0.17460317460317454,0.9736842105263158,0.03628559410572052,0.060797730370898494,"{0: 0.8888888888888888, 1: 0.7380952380952381}"
wdbc,WDBC Breast Cancer,1510,XGBoost,Standard,0.1,0.9,0.9122807017543859,0.9210526315789473,0.07271468144044323,0.125,0.9736842105263158,0.03628559410572052,0.060797730370898494,"{0: 0.9583333333333334, 1: 0.8571428571428571}"
wdbc,WDBC Breast Cancer,1510,XGBoost,Standard,0.05,0.95,0.9912280701754386,1.0175438596491229,0.017236072637734686,0.023809523809523836,0.9736842105263158,0.03628559410572052,0.060797730370898494,"{0: 1.0, 1: 1.0476190476190477}"
wdbc,WDBC Breast Cancer,1510,XGBoost,Standard,0.01,0.99,0.9912280701754386,1.0526315789473684,0.04986149584487533,0.023809523809523836,0.9736842105263158,0.03628559410572052,0.060797730370898494,"{0: 1.0277777777777777, 1: 1.0952380952380953}"
wdbc,WDBC Breast Cancer,1510,XGBoost,ClassConditional,0.2,0.8,0.7543859649122807,0.7631578947368421,0.1807479224376731,0.125,0.9736842105263158,0.03628559410572052,0.060797730370898494,"{0: 0.7083333333333334, 1: 0.8571428571428571}"
wdbc,WDBC Breast Cancer,1510,XGBoost,ClassConditional,0.15,0.85,0.8508771929824561,0.8596491228070176,0.12065250846414283,0.009920634920634885,0.9736842105263158,0.03628559410572052,0.060797730370898494,"{0: 0.8472222222222222, 1: 0.8809523809523809}"
wdbc,WDBC Breast Cancer,1510,XGBoost,ClassConditional,0.1,0.9,0.956140350877193,0.9649122807017544,0.03385657125269313,0.031746031746031744,0.9736842105263158,0.03628559410572052,0.060797730370898494,"{0: 0.9444444444444444, 1: 1.0}"
wdbc,WDBC Breast Cancer,1510,XGBoost,ClassConditional,0.05,0.95,0.9649122807017544,0.9912280701754386,0.008694983071714376,0.017857142857142794,0.9736842105263158,0.03628559410572052,0.060797730370898494,"{0: 0.9861111111111112, 1: 1.0}"
wdbc,WDBC Breast Cancer,1510,XGBoost,ClassConditional,0.01,0.99,0.9912280701754386,1.043859649122807,0.04193598030163128,0.023809523809523836,0.9736842105263158,0.03628559410572052,0.060797730370898494,"{0: 1.0277777777777777, 1: 1.0714285714285714}"
wdbc,WDBC Breast Cancer,1510,XGBoost,Mondrian,0.2,0.8,0.7543859649122807,0.7631578947368421,0.1807479224376731,0.125,0.9736842105263158,0.03628559410572052,0.060797730370898494,"{0: 0.7083333333333334, 1: 0.8571428571428571}"
wdbc,WDBC Breast Cancer,1510,XGBoost,Mondrian,0.15,0.85,0.8508771929824561,0.8596491228070176,0.12065250846414283,0.009920634920634885,0.9736842105263158,0.03628559410572052,0.060797730370898494,"{0: 0.8472222222222222, 1: 0.8809523809523809}"
wdbc,WDBC Breast Cancer,1510,XGBoost,Mondrian,0.1,0.9,0.956140350877193,0.9649122807017544,0.03385657125269313,0.031746031746031744,0.9736842105263158,0.03628559410572052,0.060797730370898494,"{0: 0.9444444444444444, 1: 1.0}"
wdbc,WDBC Breast Cancer,1510,XGBoost,Mondrian,0.05,0.95,0.9649122807017544,0.9912280701754386,0.008694983071714376,0.017857142857142794,0.9736842105263158,0.03628559410572052,0.060797730370898494,"{0: 0.9861111111111112, 1: 1.0}"
wdbc,WDBC Breast Cancer,1510,XGBoost,Mondrian,0.01,0.99,0.9912280701754386,1.043859649122807,0.04193598030163128,0.023809523809523836,0.9736842105263158,0.03628559410572052,0.060797730370898494,"{0: 1.0277777777777777, 1: 1.0714285714285714}"
wdbc,WDBC Breast Cancer,1510,XGBoost,APS,0.2,0.8,1.0,1.894736842105263,0.09418282548476457,0.0,0.9736842105263158,0.03628559410572052,0.060797730370898494,"{0: 1.8333333333333333, 1: 2.0}"
wdbc,WDBC Breast Cancer,1510,XGBoost,APS,0.15,0.85,1.0,1.912280701754386,0.08002462296091106,0.0,0.9736842105263158,0.03628559410572052,0.060797730370898494,"{0: 1.8611111111111112, 1: 2.0}"
wdbc,WDBC Breast Cancer,1510,XGBoost,APS,0.1,0.9,1.0,1.956140350877193,0.04193598030163128,0.0,0.9736842105263158,0.03628559410572052,0.060797730370898494,"{0: 1.9305555555555556, 1: 2.0}"
wdbc,WDBC Breast Cancer,1510,XGBoost,APS,0.05,0.95,1.0,2.0,0.0,0.0,0.9736842105263158,0.03628559410572052,0.060797730370898494,"{0: 2.0, 1: 2.0}"
wdbc,WDBC Breast Cancer,1510,XGBoost,APS,0.01,0.99,1.0,2.0,0.0,0.0,0.9736842105263158,0.03628559410572052,0.060797730370898494,"{0: 2.0, 1: 2.0}"
wdbc,WDBC Breast Cancer,1510,LightGBM,Standard,0.2,0.8,0.7456140350877193,0.7543859649122807,0.18528778085564787,0.125,0.9736842105263158,0.040556304442647205,0.046668404719673574,"{0: 0.7916666666666666, 1: 0.6904761904761905}"
wdbc,WDBC Breast Cancer,1510,LightGBM,Standard,0.15,0.85,0.8245614035087719,0.8333333333333334,0.1388888888888889,0.06150793650793651,0.9736842105263158,0.040556304442647205,0.046668404719673574,"{0: 0.8472222222222222, 1: 0.8095238095238095}"
wdbc,WDBC Breast Cancer,1510,LightGBM,Standard,0.1,0.9,0.9385964912280702,0.9473684210526315,0.04986149584487533,0.12896825396825407,0.9736842105263158,0.040556304442647205,0.046668404719673574,"{0: 0.9861111111111112, 1: 0.8809523809523809}"
wdbc,WDBC Breast Cancer,1510,LightGBM,Standard,0.05,0.95,0.9736842105263158,1.0,0.0,0.0714285714285714,0.9736842105263158,0.040556304442647205,0.046668404719673574,"{0: 1.0, 1: 1.0}"
wdbc,WDBC Breast Cancer,1510,LightGBM,Standard,0.01,0.99,0.9912280701754386,1.1140350877192982,0.10103108648815018,0.023809523809523836,0.9736842105263158,0.040556304442647205,0.046668404719673574,"{0: 1.0833333333333333, 1: 1.1666666666666667}"
wdbc,WDBC Breast Cancer,1510,LightGBM,ClassConditional,0.2,0.8,0.7982456140350878,0.7982456140350878,0.16104955370883345,0.1686507936507936,0.9736842105263158,0.040556304442647205,0.046668404719673574,"{0: 0.7361111111111112, 1: 0.9047619047619048}"
wdbc,WDBC Breast Cancer,1510,LightGBM,ClassConditional,0.15,0.85,0.868421052631579,0.8771929824561403,0.10772545398584181,0.09523809523809523,0.9736842105263158,0.040556304442647205,0.046668404719673574,"{0: 0.8333333333333334, 1: 0.9523809523809523}"
wdbc,WDBC Breast Cancer,1510,LightGBM,ClassConditional,0.1,0.9,0.8859649122807017,0.8947368421052632,0.09418282548476455,0.10515873015873012,0.9736842105263158,0.040556304442647205,0.046668404719673574,"{0: 0.8472222222222222, 1: 0.9761904761904762}"
wdbc,WDBC Breast Cancer,1510,LightGBM,ClassConditional,0.05,0.95,0.9824561403508771,1.043859649122807,0.04193598030163128,0.009920634920634996,0.9736842105263158,0.040556304442647205,0.046668404719673574,"{0: 1.0694444444444444, 1: 1.0}"
wdbc,WDBC Breast Cancer,1510,LightGBM,ClassConditional,0.01,0.99,0.9912280701754386,1.0614035087719298,0.05763311788242535,0.023809523809523836,0.9736842105263158,0.040556304442647205,0.046668404719673574,"{0: 1.0833333333333333, 1: 1.0238095238095237}"
wdbc,WDBC Breast Cancer,1510,LightGBM,Mondrian,0.2,0.8,0.7982456140350878,0.7982456140350878,0.16104955370883345,0.1686507936507936,0.9736842105263158,0.040556304442647205,0.046668404719673574,"{0: 0.7361111111111112, 1: 0.9047619047619048}"
wdbc,WDBC Breast Cancer,1510,LightGBM,Mondrian,0.15,0.85,0.868421052631579,0.8771929824561403,0.10772545398584181,0.09523809523809523,0.9736842105263158,0.040556304442647205,0.046668404719673574,"{0: 0.8333333333333334, 1: 0.9523809523809523}"
wdbc,WDBC Breast Cancer,1510,LightGBM,Mondrian,0.1,0.9,0.8859649122807017,0.8947368421052632,0.09418282548476455,0.10515873015873012,0.9736842105263158,0.040556304442647205,0.046668404719673574,"{0: 0.8472222222222222, 1: 0.9761904761904762}"
wdbc,WDBC Breast Cancer,1510,LightGBM,Mondrian,0.05,0.95,0.9824561403508771,1.043859649122807,0.04193598030163128,0.009920634920634996,0.9736842105263158,0.040556304442647205,0.046668404719673574,"{0: 1.0694444444444444, 1: 1.0}"
wdbc,WDBC Breast Cancer,1510,LightGBM,Mondrian,0.01,0.99,0.9912280701754386,1.0614035087719298,0.05763311788242535,0.023809523809523836,0.9736842105263158,0.040556304442647205,0.046668404719673574,"{0: 1.0833333333333333, 1: 1.0238095238095237}"
wdbc,WDBC Breast Cancer,1510,LightGBM,APS,0.2,0.8,1.0,1.912280701754386,0.08002462296091106,0.0,0.9736842105263158,0.040556304442647205,0.046668404719673574,"{0: 1.9027777777777777, 1: 1.9285714285714286}"
wdbc,WDBC Breast Cancer,1510,LightGBM,APS,0.15,0.85,1.0,1.9649122807017543,0.033856571252693125,0.0,0.9736842105263158,0.040556304442647205,0.046668404719673574,"{0: 1.9444444444444444, 1: 2.0}"
wdbc,WDBC Breast Cancer,1510,LightGBM,APS,0.1,0.9,1.0,1.9912280701754386,0.008694983071714379,0.0,0.9736842105263158,0.040556304442647205,0.046668404719673574,"{0: 1.9861111111111112, 1: 2.0}"
wdbc,WDBC Breast Cancer,1510,LightGBM,APS,0.05,0.95,1.0,2.0,0.0,0.0,0.9736842105263158,0.040556304442647205,0.046668404719673574,"{0: 2.0, 1: 2.0}"
wdbc,WDBC Breast Cancer,1510,LightGBM,APS,0.01,0.99,1.0,2.0,0.0,0.0,0.9736842105263158,0.040556304442647205,0.046668404719673574,"{0: 2.0, 1: 2.0}"
wdbc,WDBC Breast Cancer,1510,SVM_RBF,Standard,0.2,0.8,0.7456140350877193,0.7456140350877193,0.18967374576792856,0.16269841269841268,0.9824561403508771,0.030585298916995834,0.05991649092910184,"{0: 0.8055555555555556, 1: 0.6428571428571429}"
wdbc,WDBC Breast Cancer,1510,SVM_RBF,Standard,0.15,0.85,0.8157894736842105,0.8157894736842105,0.15027700831024932,0.1607142857142857,0.9824561403508771,0.030585298916995834,0.05991649092910184,"{0: 0.875, 1: 0.7142857142857143}"
wdbc,WDBC Breast Cancer,1510,SVM_RBF,Standard,0.1,0.9,0.9385964912280702,0.9473684210526315,0.04986149584487533,0.0535714285714286,0.9824561403508771,0.030585298916995834,0.05991649092910184,"{0: 0.9583333333333334, 1: 0.9285714285714286}"
wdbc,WDBC Breast Cancer,1510,SVM_RBF,Standard,0.05,0.95,0.9912280701754386,1.0087719298245614,0.008694983071714379,0.023809523809523836,0.9824561403508771,0.030585298916995834,0.05991649092910184,"{0: 1.0, 1: 1.0238095238095237}"
wdbc,WDBC Breast Cancer,1510,SVM_RBF,Standard,0.01,0.99,0.9912280701754386,1.043859649122807,0.04193598030163129,0.023809523809523836,0.9824561403508771,0.030585298916995834,0.05991649092910184,"{0: 1.0416666666666667, 1: 1.0476190476190477}"
wdbc,WDBC Breast Cancer,1510,SVM_RBF,ClassConditional,0.2,0.8,0.8333333333333334,0.8333333333333334,0.1388888888888889,0.1884920634920635,0.9824561403508771,0.030585298916995834,0.05991649092910184,"{0: 0.7638888888888888, 1: 0.9523809523809523}"
wdbc,WDBC Breast Cancer,1510,SVM_RBF,ClassConditional,0.15,0.85,0.9122807017543859,0.9122807017543859,0.08002462296091108,0.10119047619047616,0.9824561403508771,0.030585298916995834,0.05991649092910184,"{0: 0.875, 1: 0.9761904761904762}"
wdbc,WDBC Breast Cancer,1510,SVM_RBF,ClassConditional,0.1,0.9,0.9298245614035088,0.9473684210526315,0.04986149584487533,0.07341269841269837,0.9824561403508771,0.030585298916995834,0.05991649092910184,"{0: 0.9166666666666666, 1: 1.0}"
wdbc,WDBC Breast Cancer,1510,SVM_RBF,ClassConditional,0.05,0.95,0.9649122807017544,1.0,0.0,0.017857142857142794,0.9824561403508771,0.030585298916995834,0.05991649092910184,"{0: 1.0, 1: 1.0}"
wdbc,WDBC Breast Cancer,1510,SVM_RBF,ClassConditional,0.01,0.99,0.9912280701754386,1.0263157894736843,0.02562326869806095,0.023809523809523836,0.9824561403508771,0.030585298916995834,0.05991649092910184,"{0: 1.0416666666666667, 1: 1.0}"
wdbc,WDBC Breast Cancer,1510,SVM_RBF,Mondrian,0.2,0.8,0.8333333333333334,0.8333333333333334,0.1388888888888889,0.1884920634920635,0.9824561403508771,0.030585298916995834,0.05991649092910184,"{0: 0.7638888888888888, 1: 0.9523809523809523}"
wdbc,WDBC Breast Cancer,1510,SVM_RBF,Mondrian,0.15,0.85,0.9122807017543859,0.9122807017543859,0.08002462296091108,0.10119047619047616,0.9824561403508771,0.030585298916995834,0.05991649092910184,"{0: 0.875, 1: 0.9761904761904762}"
wdbc,WDBC Breast Cancer,1510,SVM_RBF,Mondrian,0.1,0.9,0.9298245614035088,0.9473684210526315,0.04986149584487533,0.07341269841269837,0.9824561403508771,0.030585298916995834,0.05991649092910184,"{0: 0.9166666666666666, 1: 1.0}"
wdbc,WDBC Breast Cancer,1510,SVM_RBF,Mondrian,0.05,0.95,0.9649122807017544,1.0,0.0,0.017857142857142794,0.9824561403508771,0.030585298916995834,0.05991649092910184,"{0: 1.0, 1: 1.0}"
wdbc,WDBC Breast Cancer,1510,SVM_RBF,Mondrian,0.01,0.99,0.9912280701754386,1.0263157894736843,0.02562326869806095,0.023809523809523836,0.9824561403508771,0.030585298916995834,0.05991649092910184,"{0: 1.0416666666666667, 1: 1.0}"
wdbc,WDBC Breast Cancer,1510,SVM_RBF,APS,0.2,0.8,1.0,1.8859649122807018,0.10103108648815018,0.0,0.9824561403508771,0.030585298916995834,0.05991649092910184,"{0: 2.0, 1: 1.6904761904761905}"
wdbc,WDBC Breast Cancer,1510,SVM_RBF,APS,0.15,0.85,1.0,1.894736842105263,0.09418282548476456,0.0,0.9824561403508771,0.030585298916995834,0.05991649092910184,"{0: 2.0, 1: 1.7142857142857142}"
wdbc,WDBC Breast Cancer,1510,SVM_RBF,APS,0.1,0.9,1.0,1.9824561403508771,0.017236072637734686,0.0,0.9824561403508771,0.030585298916995834,0.05991649092910184,"{0: 2.0, 1: 1.9523809523809523}"
wdbc,WDBC Breast Cancer,1510,SVM_RBF,APS,0.05,0.95,1.0,2.0,0.0,0.0,0.9824561403508771,0.030585298916995834,0.05991649092910184,"{0: 2.0, 1: 2.0}"
wdbc,WDBC Breast Cancer,1510,SVM_RBF,APS,0.01,0.99,1.0,2.0,0.0,0.0,0.9824561403508771,0.030585298916995834,0.05991649092910184,"{0: 2.0, 1: 2.0}"
eeg,EEG Eye State,1471,LogReg,Standard,0.2,0.8,0.798064085447263,1.3651535380507342,0.23181643169976524,0.22615264326069406,0.6428571428571429,0.4479441468825842,0.06263765869954789,"{0: 1.337772397094431, 1: 1.3988095238095237}"
eeg,EEG Eye State,1471,LogReg,Standard,0.15,0.85,0.8414552736982643,1.4709612817089452,0.24915675284001274,0.1941964285714286,0.6428571428571429,0.4479441468825842,0.06263765869954789,"{0: 1.435230024213075, 1: 1.5148809523809523}"
eeg,EEG Eye State,1471,LogReg,Standard,0.1,0.9,0.9015353805073432,1.6328437917222964,0.2323525270008431,0.12098970944309928,0.6428571428571429,0.4479441468825842,0.06263765869954789,"{0: 1.5938256658595642, 1: 1.6808035714285714}"
eeg,EEG Eye State,1471,LogReg,Standard,0.05,0.95,0.9522696929238985,1.8070761014686247,0.15570426790683084,0.05107445520581111,0.6428571428571429,0.4479441468825842,0.06263765869954789,"{0: 1.7838983050847457, 1: 1.8355654761904763}"
eeg,EEG Eye State,1471,LogReg,Standard,0.01,0.99,0.9949933244325768,1.9559412550066755,0.04211757198293764,0.0036824051654560375,0.6428571428571429,0.4479441468825842,0.06263765869954789,"{0: 1.9509685230024214, 1: 1.9620535714285714}"
eeg,EEG Eye State,1471,LogReg,ClassConditional,0.2,0.8,0.804739652870494,1.3815086782376502,0.23595980666701133,0.008865516545601304,0.6428571428571429,0.4479441468825842,0.06263765869954789,"{0: 1.3940677966101696, 1: 1.3660714285714286}"
eeg,EEG Eye State,1471,LogReg,ClassConditional,0.15,0.85,0.8544726301735648,1.5080106809078773,0.24993582899139216,0.006191989507667528,0.6428571428571429,0.4479441468825842,0.06263765869954789,"{0: 1.521186440677966, 1: 1.4918154761904763}"
eeg,EEG Eye State,1471,LogReg,ClassConditional,0.1,0.9,0.9055407209612817,1.658878504672897,0.22475762075290415,0.0054605528652139634,0.6428571428571429,0.4479441468825842,0.06263765869954789,"{0: 1.6731234866828086, 1: 1.6413690476190477}"
eeg,EEG Eye State,1471,LogReg,ClassConditional,0.05,0.95,0.9529372496662216,1.8017356475300401,0.1589555990096274,0.0010088781275222614,0.6428571428571429,0.4479441468825842,0.06263765869954789,"{0: 1.8093220338983051, 1: 1.7924107142857142}"
eeg,EEG Eye State,1471,LogReg,ClassConditional,0.01,0.99,0.9949933244325768,1.9569425901201603,0.04120346933427927,0.0023330306698949865,0.6428571428571429,0.4479441468825842,0.06263765869954789,"{0: 1.9509685230024214, 1: 1.9642857142857142}"
eeg,EEG Eye State,1471,LogReg,Mondrian,0.2,0.8,0.804739652870494,1.3815086782376502,0.23595980666701133,0.008865516545601304,0.6428571428571429,0.4479441468825842,0.06263765869954789,"{0: 1.3940677966101696, 1: 1.3660714285714286}"
eeg,EEG Eye State,1471,LogReg,Mondrian,0.15,0.85,0.8544726301735648,1.5080106809078773,0.24993582899139216,0.006191989507667528,0.6428571428571429,0.4479441468825842,0.06263765869954789,"{0: 1.521186440677966, 1: 1.4918154761904763}"
eeg,EEG Eye State,1471,LogReg,Mondrian,0.1,0.9,0.9055407209612817,1.658878504672897,0.22475762075290415,0.0054605528652139634,0.6428571428571429,0.4479441468825842,0.06263765869954789,"{0: 1.6731234866828086, 1: 1.6413690476190477}"
eeg,EEG Eye State,1471,LogReg,Mondrian,0.05,0.95,0.9529372496662216,1.8017356475300401,0.1589555990096274,0.0010088781275222614,0.6428571428571429,0.4479441468825842,0.06263765869954789,"{0: 1.8093220338983051, 1: 1.7924107142857142}"
eeg,EEG Eye State,1471,LogReg,Mondrian,0.01,0.99,0.9949933244325768,1.9569425901201603,0.04120346933427927,0.0023330306698949865,0.6428571428571429,0.4479441468825842,0.06263765869954789,"{0: 1.9509685230024214, 1: 1.9642857142857142}"
eeg,EEG Eye State,1471,LogReg,APS,0.2,0.8,1.0,1.9996662216288386,0.00033366696316049346,0.0,0.6428571428571429,0.4479441468825842,0.06263765869954789,"{0: 1.9993946731234866, 1: 2.0}"
eeg,EEG Eye State,1471,LogReg,APS,0.15,0.85,1.0,1.9996662216288386,0.00033366696316049346,0.0,0.6428571428571429,0.4479441468825842,0.06263765869954789,"{0: 1.9993946731234866, 1: 2.0}"
eeg,EEG Eye State,1471,LogReg,APS,0.1,0.9,1.0,1.9996662216288386,0.00033366696316049346,0.0,0.6428571428571429,0.4479441468825842,0.06263765869954789,"{0: 1.9993946731234866, 1: 2.0}"
eeg,EEG Eye State,1471,LogReg,APS,0.05,0.95,1.0,1.9996662216288386,0.00033366696316049346,0.0,0.6428571428571429,0.4479441468825842,0.06263765869954789,"{0: 1.9993946731234866, 1: 2.0}"
eeg,EEG Eye State,1471,LogReg,APS,0.01,0.99,1.0,1.9996662216288386,0.00033366696316049346,0.0,0.6428571428571429,0.4479441468825842,0.06263765869954789,"{0: 1.9993946731234866, 1: 2.0}"
eeg,EEG Eye State,1471,RandomForest,Standard,0.2,0.8,0.8020694259012016,0.8257676902536716,0.14387541198678788,0.12681598062954003,0.9202269692923899,0.15662289719626168,0.2570160213618158,"{0: 0.8686440677966102, 1: 0.7730654761904762}"
eeg,EEG Eye State,1471,RandomForest,Standard,0.15,0.85,0.8464619492656876,0.8798397863818425,0.10572173668139628,0.10612136803874084,0.9202269692923899,0.15662289719626168,0.2570160213618158,"{0: 0.910411622276029, 1: 0.8422619047619048}"
eeg,EEG Eye State,1471,RandomForest,Standard,0.1,0.9,0.8961949265687583,0.9552736982643525,0.04272585966869933,0.07891949152542377,0.9202269692923899,0.15662289719626168,0.2570160213618158,"{0: 0.9648910411622276, 1: 0.9434523809523809}"
eeg,EEG Eye State,1471,RandomForest,Standard,0.05,0.95,0.9516021361815754,1.0700934579439252,0.06518036509738843,0.05256255044390634,0.9202269692923899,0.15662289719626168,0.2570160213618158,"{0: 1.0569007263922519, 1: 1.0863095238095237}"
eeg,EEG Eye State,1471,RandomForest,Standard,0.01,0.99,0.9939919893190922,1.3688251001335114,0.23279314564501674,0.009344733656174387,0.9202269692923899,0.15662289719626168,0.2570160213618158,"{0: 1.3177966101694916, 1: 1.431547619047619}"
eeg,EEG Eye State,1471,RandomForest,ClassConditional,0.2,0.8,0.8000667556742324,0.8204272363150867,0.14732638622747554,0.021980932203389814,0.9202269692923899,0.15662289719626168,0.2570160213618158,"{0: 0.826271186440678, 1: 0.8132440476190477}"
eeg,EEG Eye State,1471,RandomForest,ClassConditional,0.15,0.85,0.8524699599465955,0.8871829105473965,0.10008939378004673,0.01446479015334945,0.9202269692923899,0.15662289719626168,0.2570160213618158,"{0: 0.8886198547215496, 1: 0.8854166666666666}"
eeg,EEG Eye State,1471,RandomForest,ClassConditional,0.1,0.9,0.9018691588785047,0.9632843791722296,0.03536758401500176,0.0011980427764325396,0.9202269692923899,0.15662289719626168,0.2570160213618158,"{0: 0.9636803874092009, 1: 0.9627976190476191}"
eeg,EEG Eye State,1471,RandomForest,ClassConditional,0.05,0.95,0.9492656875834445,1.0610814419225634,0.05735049937522394,0.0064946529459241065,0.9202269692923899,0.15662289719626168,0.2570160213618158,"{0: 1.0581113801452784, 1: 1.0647321428571428}"
eeg,EEG Eye State,1471,RandomForest,ClassConditional,0.01,0.99,0.9906542056074766,1.3304405874499332,0.22124960561567625,0.0005927158999192716,0.9202269692923899,0.15662289719626168,0.2570160213618158,"{0: 1.3523002421307506, 1: 1.3035714285714286}"
eeg,EEG Eye State,1471,RandomForest,Mondrian,0.2,0.8,0.8000667556742324,0.8204272363150867,0.14732638622747554,0.021980932203389814,0.9202269692923899,0.15662289719626168,0.2570160213618158,"{0: 0.826271186440678, 1: 0.8132440476190477}"
eeg,EEG Eye State,1471,RandomForest,Mondrian,0.15,0.85,0.8524699599465955,0.8871829105473965,0.10008939378004673,0.01446479015334945,0.9202269692923899,0.15662289719626168,0.2570160213618158,"{0: 0.8886198547215496, 1: 0.8854166666666666}"
eeg,EEG Eye State,1471,RandomForest,Mondrian,0.1,0.9,0.9018691588785047,0.9632843791722296,0.03536758401500176,0.0011980427764325396,0.9202269692923899,0.15662289719626168,0.2570160213618158,"{0: 0.9636803874092009, 1: 0.9627976190476191}"
eeg,EEG Eye State,1471,RandomForest,Mondrian,0.05,0.95,0.9492656875834445,1.0610814419225634,0.05735049937522394,0.0064946529459241065,0.9202269692923899,0.15662289719626168,0.2570160213618158,"{0: 1.0581113801452784, 1: 1.0647321428571428}"
eeg,EEG Eye State,1471,RandomForest,Mondrian,0.01,0.99,0.9906542056074766,1.3304405874499332,0.22124960561567625,0.0005927158999192716,0.9202269692923899,0.15662289719626168,0.2570160213618158,"{0: 1.3523002421307506, 1: 1.3035714285714286}"
eeg,EEG Eye State,1471,RandomForest,APS,0.2,0.8,1.0,1.8561415220293724,0.12316321628660198,0.0,0.9202269692923899,0.15662289719626168,0.2570160213618158,"{0: 1.8589588377723971, 1: 1.8526785714285714}"
eeg,EEG Eye State,1471,RandomForest,APS,0.15,0.85,1.0,1.9138851802403205,0.07869905757743746,0.0,0.9202269692923899,0.15662289719626168,0.2570160213618158,"{0: 1.9152542372881356, 1: 1.912202380952381}"
eeg,EEG Eye State,1471,RandomForest,APS,0.1,0.9,1.0,1.9649532710280373,0.033818455760328416,0.0,0.9202269692923899,0.15662289719626168,0.2570160213618158,"{0: 1.9618644067796611, 1: 1.96875}"
eeg,EEG Eye State,1471,RandomForest,APS,0.05,0.95,1.0,1.9849799732977302,0.014794425500132798,0.0,0.9202269692923899,0.15662289719626168,0.2570160213618158,"{0: 1.9818401937046004, 1: 1.9888392857142858}"
eeg,EEG Eye State,1471,RandomForest,APS,0.01,0.99,1.0,1.9849799732977302,0.014794425500132798,0.0,0.9202269692923899,0.15662289719626168,0.2570160213618158,"{0: 1.9818401937046004, 1: 1.9888392857142858}"
eeg,EEG Eye State,1471,XGBoost,Standard,0.2,0.8,0.7870493991989319,0.8387850467289719,0.1352246921128483,0.1117206416464891,0.886849132176235,0.17314690351486206,0.14786541633288036,"{0: 0.8698547215496368, 1: 0.8005952380952381}"
eeg,EEG Eye State,1471,XGBoost,Standard,0.15,0.85,0.8461281708945261,0.9259012016021362,0.06860816647385655,0.10281729217110569,0.886849132176235,0.17314690351486206,0.14786541633288036,"{0: 0.9437046004842615, 1: 0.9040178571428571}"
eeg,EEG Eye State,1471,XGBoost,Standard,0.1,0.9,0.8885180240320427,1.0050066755674232,0.004981608767185797,0.08523759079903148,0.886849132176235,0.17314690351486206,0.14786541633288036,"{0: 1.0048426150121066, 1: 1.0052083333333333}"
eeg,EEG Eye State,1471,XGBoost,Standard,0.05,0.95,0.9382510013351135,1.1315086782376502,0.11421414578583639,0.04589134382566584,0.886849132176235,0.17314690351486206,0.14786541633288036,"{0: 1.1004842615012107, 1: 1.1696428571428572}"
eeg,EEG Eye State,1471,XGBoost,Standard,0.01,0.99,0.9919893190921228,1.4522696929238985,0.24772181778642105,0.007062146892655274,0.886849132176235,0.17314690351486206,0.14786541633288036,"{0: 1.410411622276029, 1: 1.5037202380952381}"
eeg,EEG Eye State,1471,XGBoost,ClassConditional,0.2,0.8,0.7867156208277704,0.8354472630173565,0.13747513373416445,0.011261602098466605,0.886849132176235,0.17314690351486206,0.14786541633288036,"{0: 0.839588377723971, 1: 0.8303571428571429}"
eeg,EEG Eye State,1471,XGBoost,ClassConditional,0.15,0.85,0.8401201602136181,0.914886515353805,0.07786917937757687,0.020404560129136384,0.886849132176235,0.17314690351486206,0.14786541633288036,"{0: 0.9194915254237288, 1: 0.9092261904761905}"
eeg,EEG Eye State,1471,XGBoost,ClassConditional,0.1,0.9,0.8938584779706275,1.0100133511348464,0.009913083933896729,0.026104721549636833,0.886849132176235,0.17314690351486206,0.14786541633288036,"{0: 1.007869249394673, 1: 1.0126488095238095}"
eeg,EEG Eye State,1471,XGBoost,ClassConditional,0.05,0.95,0.94826435246996,1.156208277703605,0.13180725168047824,0.007465698143664157,0.886849132176235,0.17314690351486206,0.14786541633288036,"{0: 1.1567796610169492, 1: 1.1555059523809523}"
eeg,EEG Eye State,1471,XGBoost,ClassConditional,0.01,0.99,0.9909879839786382,1.435580774365821,0.24585016336869278,0.004199455205811109,0.886849132176235,0.17314690351486206,0.14786541633288036,"{0: 1.4606537530266344, 1: 1.4047619047619047}"
eeg,EEG Eye State,1471,XGBoost,Mondrian,0.2,0.8,0.7867156208277704,0.8354472630173565,0.13747513373416445,0.011261602098466605,0.886849132176235,0.17314690351486206,0.14786541633288036,"{0: 0.839588377723971, 1: 0.8303571428571429}"
eeg,EEG Eye State,1471,XGBoost,Mondrian,0.15,0.85,0.8401201602136181,0.914886515353805,0.07786917937757687,0.020404560129136384,0.886849132176235,0.17314690351486206,0.14786541633288036,"{0: 0.9194915254237288, 1: 0.9092261904761905}"
eeg,EEG Eye State,1471,XGBoost,Mondrian,0.1,0.9,0.8938584779706275,1.0100133511348464,0.009913083933896729,0.026104721549636833,0.886849132176235,0.17314690351486206,0.14786541633288036,"{0: 1.007869249394673, 1: 1.0126488095238095}"
eeg,EEG Eye State,1471,XGBoost,Mondrian,0.05,0.95,0.94826435246996,1.156208277703605,0.13180725168047824,0.007465698143664157,0.886849132176235,0.17314690351486206,0.14786541633288036,"{0: 1.1567796610169492, 1: 1.1555059523809523}"
eeg,EEG Eye State,1471,XGBoost,Mondrian,0.01,0.99,0.9909879839786382,1.435580774365821,0.24585016336869278,0.004199455205811109,0.886849132176235,0.17314690351486206,0.14786541633288036,"{0: 1.4606537530266344, 1: 1.4047619047619047}"
eeg,EEG Eye State,1471,XGBoost,APS,0.2,0.8,1.0,1.898531375166889,0.09117274300758824,0.0,0.886849132176235,0.17314690351486206,0.14786541633288036,"{0: 1.9079903147699757, 1: 1.8869047619047619}"
eeg,EEG Eye State,1471,XGBoost,APS,0.15,0.85,1.0,1.944592790387183,0.05233725073573842,0.0,0.886849132176235,0.17314690351486206,0.14786541633288036,"{0: 1.9491525423728813, 1: 1.9389880952380953}"
eeg,EEG Eye State,1471,XGBoost,APS,0.1,0.9,1.0,2.0,0.0,0.0,0.886849132176235,0.17314690351486206,0.14786541633288036,"{0: 2.0, 1: 2.0}"
eeg,EEG Eye State,1471,XGBoost,APS,0.05,0.95,1.0,2.0,0.0,0.0,0.886849132176235,0.17314690351486206,0.14786541633288036,"{0: 2.0, 1: 2.0}"
eeg,EEG Eye State,1471,XGBoost,APS,0.01,0.99,1.0,2.0,0.0,0.0,0.886849132176235,0.17314690351486206,0.14786541633288036,"{0: 2.0, 1: 2.0}"
eeg,EEG Eye State,1471,LightGBM,Standard,0.2,0.8,0.7930574098798397,0.8347797062750334,0.13792254826640238,0.08753278853914448,0.9018691588785047,0.1559520881648071,0.13331443523680656,"{0: 0.8565375302663438, 1: 0.8080357142857143}"
eeg,EEG Eye State,1471,LightGBM,Standard,0.15,0.85,0.8504672897196262,0.9152202937249666,0.07759210767895246,0.07965092816787733,0.9018691588785047,0.1559520881648071,0.13331443523680656,"{0: 0.9261501210653753, 1: 0.9017857142857143}"
eeg,EEG Eye State,1471,LightGBM,Standard,0.1,0.9,0.8961949265687583,0.9889853137516689,0.010893362935181934,0.07217261904761907,0.9018691588785047,0.1559520881648071,0.13331443523680656,"{0: 0.9903147699757869, 1: 0.9873511904761905}"
eeg,EEG Eye State,1471,LightGBM,Standard,0.05,0.95,0.9465954606141522,1.1188251001335114,0.10470569571177235,0.046181396287328536,0.9018691588785047,0.1559520881648071,0.13331443523680656,"{0: 1.1035108958837772, 1: 1.1376488095238095}"
eeg,EEG Eye State,1471,LightGBM,Standard,0.01,0.99,0.9923230974632844,1.3995327102803738,0.23990632369639267,0.010366222760290533,0.9018691588785047,0.1559520881648071,0.13331443523680656,"{0: 1.3516949152542372, 1: 1.4583333333333333}"
eeg,EEG Eye State,1471,LightGBM,ClassConditional,0.2,0.8,0.8010680907877169,0.842456608811749,0.13272347108115673,0.01435129136400326,0.9018691588785047,0.1559520881648071,0.13331443523680656,"{0: 0.8438256658595642, 1: 0.8407738095238095}"
eeg,EEG Eye State,1471,LightGBM,ClassConditional,0.15,0.85,0.849799732977303,0.9112149532710281,0.08090226220630624,0.008272800645682032,0.9018691588785047,0.1559520881648071,0.13331443523680656,"{0: 0.9067796610169492, 1: 0.9166666666666666}"
eeg,EEG Eye State,1471,LightGBM,ClassConditional,0.1,0.9,0.8981975967957276,0.996995994659546,0.002994981292368462,0.017781476997578705,0.9018691588785047,0.1559520881648071,0.13331443523680656,"{0: 0.9957627118644068, 1: 0.9985119047619048}"
eeg,EEG Eye State,1471,LightGBM,ClassConditional,0.05,0.95,0.9472630173564753,1.1214953271028036,0.10673421259498646,0.012308313155770745,0.9018691588785047,0.1559520881648071,0.13331443523680656,"{0: 1.1295399515738498, 1: 1.1116071428571428}"
eeg,EEG Eye State,1471,LightGBM,ClassConditional,0.01,0.99,0.9909879839786382,1.4065420560747663,0.2412656127172679,0.006898204196932989,0.9018691588785047,0.1559520881648071,0.13331443523680656,"{0: 1.4394673123486683, 1: 1.3660714285714286}"
eeg,EEG Eye State,1471,LightGBM,Mondrian,0.2,0.8,0.8010680907877169,0.842456608811749,0.13272347108115673,0.01435129136400326,0.9018691588785047,0.1559520881648071,0.13331443523680656,"{0: 0.8438256658595642, 1: 0.8407738095238095}"
eeg,EEG Eye State,1471,LightGBM,Mondrian,0.15,0.85,0.849799732977303,0.9112149532710281,0.08090226220630624,0.008272800645682032,0.9018691588785047,0.1559520881648071,0.13331443523680656,"{0: 0.9067796610169492, 1: 0.9166666666666666}"
eeg,EEG Eye State,1471,LightGBM,Mondrian,0.1,0.9,0.8981975967957276,0.996995994659546,0.002994981292368462,0.017781476997578705,0.9018691588785047,0.1559520881648071,0.13331443523680656,"{0: 0.9957627118644068, 1: 0.9985119047619048}"
eeg,EEG Eye State,1471,LightGBM,Mondrian,0.05,0.95,0.9472630173564753,1.1214953271028036,0.10673421259498646,0.012308313155770745,0.9018691588785047,0.1559520881648071,0.13331443523680656,"{0: 1.1295399515738498, 1: 1.1116071428571428}"
eeg,EEG Eye State,1471,LightGBM,Mondrian,0.01,0.99,0.9909879839786382,1.4065420560747663,0.2412656127172679,0.006898204196932989,0.9018691588785047,0.1559520881648071,0.13331443523680656,"{0: 1.4394673123486683, 1: 1.3660714285714286}"
eeg,EEG Eye State,1471,LightGBM,APS,0.2,0.8,1.0,1.889853137516689,0.09801453116839365,0.0,0.9018691588785047,0.1559520881648071,0.13331443523680656,"{0: 1.8983050847457628, 1: 1.8794642857142858}"
eeg,EEG Eye State,1471,LightGBM,APS,0.15,0.85,1.0,1.939252336448598,0.05705738492444756,0.0,0.9018691588785047,0.1559520881648071,0.13331443523680656,"{0: 1.9418886198547216, 1: 1.9360119047619047}"
eeg,EEG Eye State,1471,LightGBM,APS,0.1,0.9,1.0,1.9956608811749,0.004320290872921795,0.0,0.9018691588785047,0.1559520881648071,0.13331443523680656,"{0: 1.9933414043583535, 1: 1.9985119047619047}"
eeg,EEG Eye State,1471,LightGBM,APS,0.05,0.95,1.0,2.0,0.0,0.0,0.9018691588785047,0.1559520881648071,0.13331443523680656,"{0: 2.0, 1: 2.0}"
eeg,EEG Eye State,1471,LightGBM,APS,0.01,0.99,1.0,2.0,0.0,0.0,0.9018691588785047,0.1559520881648071,0.13331443523680656,"{0: 2.0, 1: 2.0}"
eeg,EEG Eye State,1471,SVM_RBF,Standard,0.2,0.8,0.8007343124165555,0.9222296395193591,0.07172213151135202,0.10010593220338981,0.8344459279038718,0.22287798274557036,0.049841018847726834,"{0: 0.9388619854721549, 1: 0.9017857142857143}"
eeg,EEG Eye State,1471,SVM_RBF,Standard,0.15,0.85,0.852803738317757,1.0110146862483311,0.010893362935181936,0.0825388418079096,0.8344459279038718,0.22287798274557036,0.049841018847726834,"{0: 1.007869249394673, 1: 1.0148809523809523}"
eeg,EEG Eye State,1471,SVM_RBF,Standard,0.1,0.9,0.8948598130841121,1.1134846461949266,0.10060588127293893,0.054908192090395436,0.8344459279038718,0.22287798274557036,0.049841018847726834,"{0: 1.0932203389830508, 1: 1.1383928571428572}"
eeg,EEG Eye State,1471,SVM_RBF,Standard,0.05,0.95,0.945260347129506,1.301068090787717,0.210426095497156,0.026218220338983134,0.8344459279038718,0.22287798274557036,0.049841018847726834,"{0: 1.271186440677966, 1: 1.337797619047619}"
eeg,EEG Eye State,1471,SVM_RBF,Standard,0.01,0.99,0.9889853137516689,1.6148197596795728,0.2368164227871252,0.00026483050847458944,0.8344459279038718,0.22287798274557036,0.049841018847726834,"{0: 1.62590799031477, 1: 1.6011904761904763}"
eeg,EEG Eye State,1471,SVM_RBF,ClassConditional,0.2,0.8,0.8044058744993324,0.9218958611481975,0.07200388234602076,0.0028626916868442764,0.8344459279038718,0.22287798274557036,0.049841018847726834,"{0: 0.9219128329297821, 1: 0.921875}"
eeg,EEG Eye State,1471,SVM_RBF,ClassConditional,0.15,0.85,0.849799732977303,1.009679572763685,0.009585878634797443,0.005574051654560153,0.8344459279038718,0.22287798274557036,0.049841018847726834,"{0: 1.0084745762711864, 1: 1.0111607142857142}"
eeg,EEG Eye State,1471,SVM_RBF,ClassConditional,0.1,0.9,0.8998664886515354,1.1308411214953271,0.11372172242117215,0.006179378531073421,0.8344459279038718,0.22287798274557036,0.049841018847726834,"{0: 1.1253026634382566, 1: 1.1376488095238095}"
eeg,EEG Eye State,1471,SVM_RBF,ClassConditional,0.05,0.95,0.9475967957276369,1.3097463284379172,0.21380354045714708,0.004628228410008095,0.8344459279038718,0.22287798274557036,0.049841018847726834,"{0: 1.3226392251815982, 1: 1.2938988095238095}"
eeg,EEG Eye State,1471,SVM_RBF,ClassConditional,0.01,0.99,0.9876502002670227,1.6248331108144192,0.23441669444439497,0.006204600484261524,0.8344459279038718,0.22287798274557036,0.049841018847726834,"{0: 1.6682808716707023, 1: 1.5714285714285714}"
eeg,EEG Eye State,1471,SVM_RBF,Mondrian,0.2,0.8,0.8044058744993324,0.9218958611481975,0.07200388234602076,0.0028626916868442764,0.8344459279038718,0.22287798274557036,0.049841018847726834,"{0: 0.9219128329297821, 1: 0.921875}"
eeg,EEG Eye State,1471,SVM_RBF,Mondrian,0.15,0.85,0.849799732977303,1.009679572763685,0.009585878634797443,0.005574051654560153,0.8344459279038718,0.22287798274557036,0.049841018847726834,"{0: 1.0084745762711864, 1: 1.0111607142857142}"
eeg,EEG Eye State,1471,SVM_RBF,Mondrian,0.1,0.9,0.8998664886515354,1.1308411214953271,0.11372172242117215,0.006179378531073421,0.8344459279038718,0.22287798274557036,0.049841018847726834,"{0: 1.1253026634382566, 1: 1.1376488095238095}"
eeg,EEG Eye State,1471,SVM_RBF,Mondrian,0.05,0.95,0.9475967957276369,1.3097463284379172,0.21380354045714708,0.004628228410008095,0.8344459279038718,0.22287798274557036,0.049841018847726834,"{0: 1.3226392251815982, 1: 1.2938988095238095}"
eeg,EEG Eye State,1471,SVM_RBF,Mondrian,0.01,0.99,0.9876502002670227,1.6248331108144192,0.23441669444439497,0.006204600484261524,0.8344459279038718,0.22287798274557036,0.049841018847726834,"{0: 1.6682808716707023, 1: 1.5714285714285714}"
eeg,EEG Eye State,1471,SVM_RBF,APS,0.2,0.8,1.0,1.9599465954606141,0.03844912932419015,0.0,0.8344459279038718,0.22287798274557036,0.049841018847726834,"{0: 1.9903147699757868, 1: 1.9226190476190477}"
eeg,EEG Eye State,1471,SVM_RBF,APS,0.15,0.85,1.0,2.0,0.0,0.0,0.8344459279038718,0.22287798274557036,0.049841018847726834,"{0: 2.0, 1: 2.0}"
eeg,EEG Eye State,1471,SVM_RBF,APS,0.1,0.9,1.0,2.0,0.0,0.0,0.8344459279038718,0.22287798274557036,0.049841018847726834,"{0: 2.0, 1: 2.0}"
eeg,EEG Eye State,1471,SVM_RBF,APS,0.05,0.95,1.0,2.0,0.0,0.0,0.8344459279038718,0.22287798274557036,0.049841018847726834,"{0: 2.0, 1: 2.0}"
eeg,EEG Eye State,1471,SVM_RBF,APS,0.01,0.99,1.0,2.0,0.0,0.0,0.8344459279038718,0.22287798274557036,0.049841018847726834,"{0: 2.0, 1: 2.0}"
